<?xml version="1.0" encoding="UTF-8"?><commands version="12.5">
<command appium="true" appiumName="FindElement and Click(Element)" enable="true" name="Click(Zone, Element, Index, ClickCount)" x="120" y="953">
<parameters>
<parameter appium="false" defaultValue="NATIVE" description="Select Zone" name="Zone" pattern="" type="zone"/>
<parameter appium="true" defaultValue="xpath=//*[@text='LOGIN']" description="Select Element" name="Element" pattern="" type="string"/>
<parameter appium="false" defaultValue="0" description="Element Order" name="Index" pattern="" type="integer"/>
<parameter appium="false" defaultValue="1" description="Number of Clicks" name="Click Count" pattern="" type="integer"/>
</parameters>
</command>
</commands>
