<?xml version="1.0" encoding="UTF-8"?><nodes h="1920" ignored="false" w="1080" web="false" x="0" y="0">
<properties>
<property type="class" value="android.widget.FrameLayout"/>
<property type="enabled" value="true"/>
<property type="checkable" value="false"/>
<property type="focusable" value="false"/>
<property type="index" value="0"/>
<property type="bounds" value="[0,0][1080,1920]"/>
<property type="hidden" value="false"/>
<property type="clickable" value="false"/>
<property type="long-clickable" value="false"/>
<property type="longClickable" value="false"/>
<property type="password" value="false"/>
<property type="scrollable" value="false"/>
<property type="selected" value="false"/>
<property type="top" value="false"/>
<property type="knownSuperClass" value="android.widget.FrameLayout"/>
<property type="onScreen" value="true"/>
<property type="x" value="0"/>
<property type="y" value="0"/>
<property type="width" value="1080"/>
<property type="height" value="1920"/>
<property type="package" value="com.android.systemui"/>
</properties>
<children>
<node h="1920" ignored="false" w="1080" web="false" x="0" y="0">
<properties>
<property type="id" value="scrim_behind"/>
<property type="resource-id" value="com.android.systemui:id/scrim_behind"/>
<property type="class" value="android.view.View"/>
<property type="enabled" value="true"/>
<property type="checkable" value="false"/>
<property type="focusable" value="false"/>
<property type="index" value="0"/>
<property type="bounds" value="[0,0][1080,1920]"/>
<property type="hidden" value="false"/>
<property type="clickable" value="false"/>
<property type="long-clickable" value="false"/>
<property type="longClickable" value="false"/>
<property type="password" value="false"/>
<property type="scrollable" value="false"/>
<property type="selected" value="false"/>
<property type="top" value="true"/>
<property type="knownSuperClass" value="android.view.View"/>
<property type="onScreen" value="true"/>
<property type="x" value="0"/>
<property type="y" value="0"/>
<property type="width" value="1080"/>
<property type="height" value="1920"/>
<property type="package" value="com.android.systemui"/>
</properties>
<children/>
</node>
<node h="1920" ignored="false" w="1080" web="false" x="0" y="0">
<properties>
<property type="id" value="notification_panel"/>
<property type="resource-id" value="com.android.systemui:id/notification_panel"/>
<property type="class" value="android.widget.FrameLayout"/>
<property type="enabled" value="true"/>
<property type="checkable" value="false"/>
<property type="focusable" value="false"/>
<property type="index" value="1"/>
<property type="bounds" value="[0,0][1080,1920]"/>
<property type="hidden" value="false"/>
<property type="clickable" value="false"/>
<property type="long-clickable" value="false"/>
<property type="longClickable" value="false"/>
<property type="password" value="false"/>
<property type="scrollable" value="false"/>
<property type="selected" value="false"/>
<property type="top" value="false"/>
<property type="knownSuperClass" value="android.widget.FrameLayout"/>
<property type="onScreen" value="true"/>
<property type="x" value="0"/>
<property type="y" value="0"/>
<property type="width" value="1080"/>
<property type="height" value="1920"/>
<property type="package" value="com.android.systemui"/>
</properties>
<children>
<node h="1920" ignored="false" w="1080" web="false" x="0" y="0">
<properties>
<property type="id" value="wallpaper"/>
<property type="resource-id" value="com.android.systemui:id/wallpaper"/>
<property type="class" value="android.view.View"/>
<property type="enabled" value="true"/>
<property type="checkable" value="false"/>
<property type="focusable" value="false"/>
<property type="index" value="0"/>
<property type="bounds" value="[0,0][1080,1920]"/>
<property type="hidden" value="false"/>
<property type="clickable" value="false"/>
<property type="long-clickable" value="false"/>
<property type="longClickable" value="false"/>
<property type="password" value="false"/>
<property type="scrollable" value="false"/>
<property type="selected" value="false"/>
<property type="top" value="true"/>
<property type="knownSuperClass" value="android.view.View"/>
<property type="onScreen" value="true"/>
<property type="x" value="0"/>
<property type="y" value="0"/>
<property type="width" value="1080"/>
<property type="height" value="1920"/>
<property type="package" value="com.android.systemui"/>
</properties>
<children/>
</node>
<node h="804" ignored="false" w="1080" web="false" x="0" y="0">
<properties>
<property type="id" value="keyguard_clock_view"/>
<property type="resource-id" value="com.android.systemui:id/keyguard_clock_view"/>
<property type="class" value="android.widget.FrameLayout"/>
<property type="enabled" value="true"/>
<property type="checkable" value="false"/>
<property type="focusable" value="false"/>
<property type="index" value="3"/>
<property type="bounds" value="[0,0][1080,804]"/>
<property type="hidden" value="false"/>
<property type="clickable" value="false"/>
<property type="long-clickable" value="false"/>
<property type="longClickable" value="false"/>
<property type="password" value="false"/>
<property type="scrollable" value="false"/>
<property type="selected" value="false"/>
<property type="top" value="false"/>
<property type="knownSuperClass" value="android.widget.FrameLayout"/>
<property type="onScreen" value="true"/>
<property type="x" value="0"/>
<property type="y" value="0"/>
<property type="width" value="1080"/>
<property type="height" value="804"/>
<property type="package" value="com.android.systemui"/>
</properties>
<children>
<node h="699" ignored="false" w="1080" web="false" x="0" y="105">
<properties>
<property type="id" value="miui_keyguard_clock"/>
<property type="resource-id" value="com.android.systemui:id/miui_keyguard_clock"/>
<property type="class" value="android.widget.LinearLayout"/>
<property type="enabled" value="true"/>
<property type="checkable" value="false"/>
<property type="focusable" value="false"/>
<property type="index" value="0"/>
<property type="bounds" value="[0,105][1080,804]"/>
<property type="hidden" value="false"/>
<property type="clickable" value="false"/>
<property type="long-clickable" value="false"/>
<property type="longClickable" value="false"/>
<property type="password" value="false"/>
<property type="scrollable" value="false"/>
<property type="selected" value="false"/>
<property type="top" value="false"/>
<property type="knownSuperClass" value="android.widget.LinearLayout"/>
<property type="onScreen" value="true"/>
<property type="x" value="0"/>
<property type="y" value="105"/>
<property type="width" value="1080"/>
<property type="height" value="699"/>
<property type="package" value="com.android.systemui"/>
</properties>
<children>
<node h="561" ignored="false" w="1080" web="false" x="0" y="191">
<properties>
<property type="id" value="time_layout"/>
<property type="resource-id" value="com.android.systemui:id/time_layout"/>
<property type="class" value="android.widget.FrameLayout"/>
<property type="enabled" value="true"/>
<property type="checkable" value="false"/>
<property type="focusable" value="false"/>
<property type="index" value="0"/>
<property type="bounds" value="[0,191][1080,752]"/>
<property type="hidden" value="false"/>
<property type="clickable" value="false"/>
<property type="long-clickable" value="false"/>
<property type="longClickable" value="false"/>
<property type="password" value="false"/>
<property type="scrollable" value="false"/>
<property type="selected" value="false"/>
<property type="top" value="false"/>
<property type="knownSuperClass" value="android.widget.FrameLayout"/>
<property type="onScreen" value="true"/>
<property type="x" value="0"/>
<property type="y" value="191"/>
<property type="width" value="1080"/>
<property type="height" value="561"/>
<property type="package" value="com.android.systemui"/>
</properties>
<children>
<node h="296" ignored="false" w="434" web="false" x="323" y="191">
<properties>
<property type="id" value="horizontal_time_layout"/>
<property type="resource-id" value="com.android.systemui:id/horizontal_time_layout"/>
<property type="class" value="android.widget.LinearLayout"/>
<property type="enabled" value="true"/>
<property type="checkable" value="false"/>
<property type="focusable" value="false"/>
<property type="index" value="0"/>
<property type="bounds" value="[323,191][757,487]"/>
<property type="hidden" value="false"/>
<property type="clickable" value="false"/>
<property type="long-clickable" value="false"/>
<property type="longClickable" value="false"/>
<property type="password" value="false"/>
<property type="scrollable" value="false"/>
<property type="selected" value="false"/>
<property type="top" value="false"/>
<property type="knownSuperClass" value="android.widget.LinearLayout"/>
<property type="onScreen" value="true"/>
<property type="x" value="323"/>
<property type="y" value="191"/>
<property type="width" value="434"/>
<property type="height" value="296"/>
<property type="package" value="com.android.systemui"/>
</properties>
<children>
<node h="210" ignored="false" w="174" web="false" x="323" y="277">
<properties>
<property type="id" value="horizontal_hour"/>
<property type="resource-id" value="com.android.systemui:id/horizontal_hour"/>
<property type="class" value="android.widget.TextView"/>
<property type="text" value="11"/>
<property type="enabled" value="true"/>
<property type="checkable" value="false"/>
<property type="focusable" value="false"/>
<property type="index" value="0"/>
<property type="bounds" value="[323,277][497,487]"/>
<property type="hidden" value="false"/>
<property type="clickable" value="false"/>
<property type="long-clickable" value="false"/>
<property type="longClickable" value="false"/>
<property type="password" value="false"/>
<property type="scrollable" value="false"/>
<property type="selected" value="false"/>
<property type="top" value="true"/>
<property type="knownSuperClass" value="android.widget.TextView"/>
<property type="onScreen" value="true"/>
<property type="x" value="323"/>
<property type="y" value="277"/>
<property type="width" value="174"/>
<property type="height" value="210"/>
<property type="package" value="com.android.systemui"/>
</properties>
<children/>
</node>
<node h="210" ignored="false" w="56" web="false" x="497" y="277">
<properties>
<property type="id" value="horizontal_dot"/>
<property type="resource-id" value="com.android.systemui:id/horizontal_dot"/>
<property type="class" value="android.widget.TextView"/>
<property type="text" value=":"/>
<property type="enabled" value="true"/>
<property type="checkable" value="false"/>
<property type="focusable" value="false"/>
<property type="index" value="1"/>
<property type="bounds" value="[497,277][553,487]"/>
<property type="hidden" value="false"/>
<property type="clickable" value="false"/>
<property type="long-clickable" value="false"/>
<property type="longClickable" value="false"/>
<property type="password" value="false"/>
<property type="scrollable" value="false"/>
<property type="selected" value="false"/>
<property type="top" value="true"/>
<property type="knownSuperClass" value="android.widget.TextView"/>
<property type="onScreen" value="true"/>
<property type="x" value="497"/>
<property type="y" value="277"/>
<property type="width" value="56"/>
<property type="height" value="210"/>
<property type="package" value="com.android.systemui"/>
</properties>
<children/>
</node>
<node h="210" ignored="false" w="204" web="false" x="553" y="277">
<properties>
<property type="id" value="horizontal_min"/>
<property type="resource-id" value="com.android.systemui:id/horizontal_min"/>
<property type="class" value="android.widget.TextView"/>
<property type="text" value="19"/>
<property type="enabled" value="true"/>
<property type="checkable" value="false"/>
<property type="focusable" value="false"/>
<property type="index" value="2"/>
<property type="bounds" value="[553,277][757,487]"/>
<property type="hidden" value="false"/>
<property type="clickable" value="false"/>
<property type="long-clickable" value="false"/>
<property type="longClickable" value="false"/>
<property type="password" value="false"/>
<property type="scrollable" value="false"/>
<property type="selected" value="false"/>
<property type="top" value="true"/>
<property type="knownSuperClass" value="android.widget.TextView"/>
<property type="onScreen" value="true"/>
<property type="x" value="553"/>
<property type="y" value="277"/>
<property type="width" value="204"/>
<property type="height" value="210"/>
<property type="package" value="com.android.systemui"/>
</properties>
<children/>
</node>
</children>
</node>
<node h="561" ignored="false" w="235" web="false" x="422" y="191">
<properties>
<property type="id" value="vertical_time_layout"/>
<property type="resource-id" value="com.android.systemui:id/vertical_time_layout"/>
<property type="class" value="android.widget.LinearLayout"/>
<property type="enabled" value="true"/>
<property type="checkable" value="false"/>
<property type="focusable" value="false"/>
<property type="index" value="1"/>
<property type="bounds" value="[422,191][657,752]"/>
<property type="hidden" value="false"/>
<property type="clickable" value="false"/>
<property type="long-clickable" value="false"/>
<property type="longClickable" value="false"/>
<property type="password" value="false"/>
<property type="scrollable" value="false"/>
<property type="selected" value="false"/>
<property type="top" value="false"/>
<property type="knownSuperClass" value="android.widget.LinearLayout"/>
<property type="onScreen" value="true"/>
<property type="x" value="422"/>
<property type="y" value="191"/>
<property type="width" value="235"/>
<property type="height" value="561"/>
<property type="package" value="com.android.systemui"/>
</properties>
<children/>
</node>
</children>
</node>
<node h="57" ignored="false" w="342" web="false" x="369" y="482">
<properties>
<property type="id" value="date_and_battery_info"/>
<property type="resource-id" value="com.android.systemui:id/date_and_battery_info"/>
<property type="class" value="android.widget.FrameLayout"/>
<property type="enabled" value="true"/>
<property type="checkable" value="false"/>
<property type="focusable" value="false"/>
<property type="index" value="1"/>
<property type="bounds" value="[369,482][711,539]"/>
<property type="hidden" value="false"/>
<property type="clickable" value="false"/>
<property type="long-clickable" value="false"/>
<property type="longClickable" value="false"/>
<property type="password" value="false"/>
<property type="scrollable" value="false"/>
<property type="selected" value="false"/>
<property type="top" value="false"/>
<property type="knownSuperClass" value="android.widget.FrameLayout"/>
<property type="onScreen" value="true"/>
<property type="x" value="369"/>
<property type="y" value="482"/>
<property type="width" value="342"/>
<property type="height" value="57"/>
<property type="package" value="com.android.systemui"/>
</properties>
<children>
<node h="57" ignored="false" w="260" web="false" x="410" y="482">
<properties>
<property type="id" value="current_date"/>
<property type="resource-id" value="com.android.systemui:id/current_date"/>
<property type="class" value="android.widget.TextView"/>
<property type="text" value="Sabtu, 25 Mei"/>
<property type="enabled" value="true"/>
<property type="checkable" value="false"/>
<property type="focusable" value="false"/>
<property type="index" value="0"/>
<property type="bounds" value="[410,482][670,539]"/>
<property type="hidden" value="false"/>
<property type="clickable" value="false"/>
<property type="long-clickable" value="false"/>
<property type="longClickable" value="false"/>
<property type="password" value="false"/>
<property type="scrollable" value="false"/>
<property type="selected" value="false"/>
<property type="top" value="true"/>
<property type="knownSuperClass" value="android.widget.TextView"/>
<property type="onScreen" value="true"/>
<property type="x" value="410"/>
<property type="y" value="482"/>
<property type="width" value="260"/>
<property type="height" value="57"/>
<property type="package" value="com.android.systemui"/>
</properties>
<children/>
</node>
</children>
</node>
</children>
</node>
</children>
</node>
<node h="330" ignored="false" w="1080" web="false" x="0" y="1590">
<properties>
<property type="id" value="keyguard_bottom_area"/>
<property type="resource-id" value="com.android.systemui:id/keyguard_bottom_area"/>
<property type="class" value="android.widget.FrameLayout"/>
<property type="enabled" value="true"/>
<property type="checkable" value="false"/>
<property type="focusable" value="false"/>
<property type="index" value="4"/>
<property type="bounds" value="[0,1590][1080,1920]"/>
<property type="hidden" value="false"/>
<property type="clickable" value="false"/>
<property type="long-clickable" value="false"/>
<property type="longClickable" value="false"/>
<property type="password" value="false"/>
<property type="scrollable" value="false"/>
<property type="selected" value="false"/>
<property type="top" value="false"/>
<property type="knownSuperClass" value="android.widget.FrameLayout"/>
<property type="onScreen" value="true"/>
<property type="x" value="0"/>
<property type="y" value="1590"/>
<property type="width" value="1080"/>
<property type="height" value="330"/>
<property type="package" value="com.android.systemui"/>
</properties>
<children>
<node h="330" ignored="false" w="1080" web="false" x="0" y="1590">
<properties>
<property type="id" value="miui_keyguard_charging_info_id"/>
<property type="resource-id" value="com.android.systemui:id/miui_keyguard_charging_info_id"/>
<property type="class" value="android.widget.RelativeLayout"/>
<property type="enabled" value="true"/>
<property type="checkable" value="false"/>
<property type="focusable" value="false"/>
<property type="index" value="0"/>
<property type="bounds" value="[0,1590][1080,1920]"/>
<property type="hidden" value="false"/>
<property type="clickable" value="false"/>
<property type="long-clickable" value="false"/>
<property type="longClickable" value="false"/>
<property type="password" value="false"/>
<property type="scrollable" value="false"/>
<property type="selected" value="false"/>
<property type="top" value="false"/>
<property type="knownSuperClass" value="android.widget.RelativeLayout"/>
<property type="onScreen" value="true"/>
<property type="x" value="0"/>
<property type="y" value="1590"/>
<property type="width" value="1080"/>
<property type="height" value="330"/>
<property type="package" value="com.android.systemui"/>
</properties>
<children>
<node h="180" ignored="false" w="180" web="false" x="450" y="1596">
<properties>
<property type="id" value="battery_charging_view"/>
<property type="resource-id" value="com.android.systemui:id/battery_charging_view"/>
<property type="class" value="android.view.View"/>
<property type="enabled" value="true"/>
<property type="checkable" value="false"/>
<property type="focusable" value="false"/>
<property type="index" value="0"/>
<property type="bounds" value="[450,1596][630,1776]"/>
<property type="hidden" value="false"/>
<property type="clickable" value="true"/>
<property type="long-clickable" value="false"/>
<property type="longClickable" value="false"/>
<property type="password" value="false"/>
<property type="scrollable" value="false"/>
<property type="selected" value="false"/>
<property type="top" value="true"/>
<property type="knownSuperClass" value="android.view.View"/>
<property type="onScreen" value="true"/>
<property type="x" value="450"/>
<property type="y" value="1596"/>
<property type="width" value="180"/>
<property type="height" value="180"/>
<property type="NAF" value="true"/>
<property type="package" value="com.android.systemui"/>
</properties>
<children/>
</node>
</children>
</node>
<node h="168" ignored="false" w="1080" web="false" x="0" y="1752">
<properties>
<property type="id" value="keyguard_indication_area"/>
<property type="resource-id" value="com.android.systemui:id/keyguard_indication_area"/>
<property type="class" value="android.widget.LinearLayout"/>
<property type="enabled" value="true"/>
<property type="checkable" value="false"/>
<property type="focusable" value="false"/>
<property type="index" value="1"/>
<property type="bounds" value="[0,1752][1080,1920]"/>
<property type="hidden" value="false"/>
<property type="clickable" value="false"/>
<property type="long-clickable" value="false"/>
<property type="longClickable" value="false"/>
<property type="password" value="false"/>
<property type="scrollable" value="false"/>
<property type="selected" value="false"/>
<property type="top" value="false"/>
<property type="knownSuperClass" value="android.widget.LinearLayout"/>
<property type="onScreen" value="true"/>
<property type="x" value="0"/>
<property type="y" value="1752"/>
<property type="width" value="1080"/>
<property type="height" value="168"/>
<property type="package" value="com.android.systemui"/>
</properties>
<children>
<node h="57" ignored="false" w="1080" web="false" x="0" y="1807">
<properties>
<property type="id" value="keyguard_indication_text"/>
<property type="resource-id" value="com.android.systemui:id/keyguard_indication_text"/>
<property type="class" value="android.widget.TextView"/>
<property type="text" value="Mengisi"/>
<property type="enabled" value="true"/>
<property type="checkable" value="false"/>
<property type="focusable" value="false"/>
<property type="index" value="0"/>
<property type="bounds" value="[0,1807][1080,1864]"/>
<property type="hidden" value="false"/>
<property type="clickable" value="false"/>
<property type="long-clickable" value="false"/>
<property type="longClickable" value="false"/>
<property type="password" value="false"/>
<property type="scrollable" value="false"/>
<property type="selected" value="false"/>
<property type="top" value="true"/>
<property type="knownSuperClass" value="android.widget.TextView"/>
<property type="onScreen" value="true"/>
<property type="x" value="0"/>
<property type="y" value="1807"/>
<property type="width" value="1080"/>
<property type="height" value="57"/>
<property type="package" value="com.android.systemui"/>
</properties>
<children/>
</node>
</children>
</node>
<node h="168" ignored="false" w="168" web="false" x="0" y="1752">
<properties>
<property type="id" value="left_button_layout"/>
<property type="resource-id" value="com.android.systemui:id/left_button_layout"/>
<property type="class" value="android.widget.LinearLayout"/>
<property type="enabled" value="true"/>
<property type="checkable" value="false"/>
<property type="focusable" value="false"/>
<property type="index" value="2"/>
<property type="bounds" value="[0,1752][168,1920]"/>
<property type="hidden" value="false"/>
<property type="clickable" value="false"/>
<property type="long-clickable" value="false"/>
<property type="longClickable" value="false"/>
<property type="password" value="false"/>
<property type="scrollable" value="false"/>
<property type="selected" value="false"/>
<property type="top" value="false"/>
<property type="knownSuperClass" value="android.widget.LinearLayout"/>
<property type="onScreen" value="true"/>
<property type="x" value="0"/>
<property type="y" value="1752"/>
<property type="width" value="168"/>
<property type="height" value="168"/>
<property type="package" value="com.android.systemui"/>
</properties>
<children>
<node h="168" ignored="false" w="168" web="false" x="0" y="1752">
<properties>
<property type="id" value="left_button"/>
<property type="resource-id" value="com.android.systemui:id/left_button"/>
<property type="class" value="android.widget.ImageView"/>
<property type="contentDescription" value="Pintasan"/>
<property type="content-desc" value="Pintasan"/>
<property type="enabled" value="true"/>
<property type="checkable" value="false"/>
<property type="focusable" value="false"/>
<property type="index" value="0"/>
<property type="bounds" value="[0,1752][168,1920]"/>
<property type="hidden" value="false"/>
<property type="clickable" value="true"/>
<property type="long-clickable" value="false"/>
<property type="longClickable" value="false"/>
<property type="password" value="false"/>
<property type="scrollable" value="false"/>
<property type="selected" value="false"/>
<property type="top" value="true"/>
<property type="knownSuperClass" value="android.widget.ImageView"/>
<property type="onScreen" value="true"/>
<property type="x" value="0"/>
<property type="y" value="1752"/>
<property type="width" value="168"/>
<property type="height" value="168"/>
<property type="package" value="com.android.systemui"/>
</properties>
<children/>
</node>
</children>
</node>
<node h="168" ignored="false" w="168" web="false" x="912" y="1752">
<properties>
<property type="id" value="right_button_layout"/>
<property type="resource-id" value="com.android.systemui:id/right_button_layout"/>
<property type="class" value="android.widget.LinearLayout"/>
<property type="enabled" value="true"/>
<property type="checkable" value="false"/>
<property type="focusable" value="false"/>
<property type="index" value="3"/>
<property type="bounds" value="[912,1752][1080,1920]"/>
<property type="hidden" value="false"/>
<property type="clickable" value="false"/>
<property type="long-clickable" value="false"/>
<property type="longClickable" value="false"/>
<property type="password" value="false"/>
<property type="scrollable" value="false"/>
<property type="selected" value="false"/>
<property type="top" value="false"/>
<property type="knownSuperClass" value="android.widget.LinearLayout"/>
<property type="onScreen" value="true"/>
<property type="x" value="912"/>
<property type="y" value="1752"/>
<property type="width" value="168"/>
<property type="height" value="168"/>
<property type="package" value="com.android.systemui"/>
</properties>
<children>
<node h="168" ignored="false" w="168" web="false" x="912" y="1752">
<properties>
<property type="id" value="right_button"/>
<property type="resource-id" value="com.android.systemui:id/right_button"/>
<property type="class" value="android.widget.ImageView"/>
<property type="contentDescription" value="Kamera"/>
<property type="content-desc" value="Kamera"/>
<property type="enabled" value="true"/>
<property type="checkable" value="false"/>
<property type="focusable" value="false"/>
<property type="index" value="0"/>
<property type="bounds" value="[912,1752][1080,1920]"/>
<property type="hidden" value="false"/>
<property type="clickable" value="true"/>
<property type="long-clickable" value="false"/>
<property type="longClickable" value="false"/>
<property type="password" value="false"/>
<property type="scrollable" value="false"/>
<property type="selected" value="false"/>
<property type="top" value="true"/>
<property type="knownSuperClass" value="android.widget.ImageView"/>
<property type="onScreen" value="true"/>
<property type="x" value="912"/>
<property type="y" value="1752"/>
<property type="width" value="168"/>
<property type="height" value="168"/>
<property type="package" value="com.android.systemui"/>
</properties>
<children/>
</node>
</children>
</node>
</children>
</node>
<node h="1920" ignored="false" w="1024" web="false" x="28" y="0">
<properties>
<property type="id" value="notification_container_parent"/>
<property type="resource-id" value="com.android.systemui:id/notification_container_parent"/>
<property type="class" value="android.widget.FrameLayout"/>
<property type="enabled" value="true"/>
<property type="checkable" value="false"/>
<property type="focusable" value="true"/>
<property type="focused" value="true"/>
<property type="index" value="5"/>
<property type="bounds" value="[28,0][1052,1920]"/>
<property type="hidden" value="false"/>
<property type="clickable" value="false"/>
<property type="long-clickable" value="false"/>
<property type="longClickable" value="false"/>
<property type="password" value="false"/>
<property type="scrollable" value="false"/>
<property type="selected" value="false"/>
<property type="top" value="false"/>
<property type="knownSuperClass" value="android.widget.FrameLayout"/>
<property type="onScreen" value="true"/>
<property type="x" value="28"/>
<property type="y" value="0"/>
<property type="width" value="1024"/>
<property type="height" value="1920"/>
<property type="package" value="com.android.systemui"/>
</properties>
<children>
<node h="72" ignored="false" w="1024" web="false" x="28" y="0">
<properties>
<property type="id" value="keyguard_header"/>
<property type="resource-id" value="com.android.systemui:id/keyguard_header"/>
<property type="class" value="android.widget.RelativeLayout"/>
<property type="enabled" value="true"/>
<property type="checkable" value="false"/>
<property type="focusable" value="false"/>
<property type="index" value="0"/>
<property type="bounds" value="[28,0][1052,72]"/>
<property type="hidden" value="false"/>
<property type="clickable" value="false"/>
<property type="long-clickable" value="false"/>
<property type="longClickable" value="false"/>
<property type="password" value="false"/>
<property type="scrollable" value="false"/>
<property type="selected" value="false"/>
<property type="top" value="false"/>
<property type="knownSuperClass" value="android.widget.RelativeLayout"/>
<property type="onScreen" value="true"/>
<property type="x" value="28"/>
<property type="y" value="0"/>
<property type="width" value="1024"/>
<property type="height" value="72"/>
<property type="package" value="com.android.systemui"/>
</properties>
<children>
<node h="72" ignored="false" w="1024" web="false" x="28" y="0">
<properties>
<property type="class" value="android.widget.FrameLayout"/>
<property type="enabled" value="true"/>
<property type="checkable" value="false"/>
<property type="focusable" value="false"/>
<property type="index" value="0"/>
<property type="bounds" value="[28,0][1052,72]"/>
<property type="hidden" value="false"/>
<property type="clickable" value="false"/>
<property type="long-clickable" value="false"/>
<property type="longClickable" value="false"/>
<property type="password" value="false"/>
<property type="scrollable" value="false"/>
<property type="selected" value="false"/>
<property type="top" value="false"/>
<property type="knownSuperClass" value="android.widget.FrameLayout"/>
<property type="onScreen" value="true"/>
<property type="x" value="28"/>
<property type="y" value="0"/>
<property type="width" value="1024"/>
<property type="height" value="72"/>
<property type="package" value="com.android.systemui"/>
</properties>
<children/>
</node>
<node h="72" ignored="false" w="626" web="false" x="28" y="0">
<properties>
<property type="class" value="android.widget.FrameLayout"/>
<property type="enabled" value="true"/>
<property type="checkable" value="false"/>
<property type="focusable" value="false"/>
<property type="index" value="1"/>
<property type="bounds" value="[28,0][654,72]"/>
<property type="hidden" value="false"/>
<property type="clickable" value="false"/>
<property type="long-clickable" value="false"/>
<property type="longClickable" value="false"/>
<property type="password" value="false"/>
<property type="scrollable" value="false"/>
<property type="selected" value="false"/>
<property type="top" value="false"/>
<property type="knownSuperClass" value="android.widget.FrameLayout"/>
<property type="onScreen" value="true"/>
<property type="x" value="28"/>
<property type="y" value="0"/>
<property type="width" value="626"/>
<property type="height" value="72"/>
<property type="package" value="com.android.systemui"/>
</properties>
<children>
<node h="72" ignored="false" w="330" web="false" x="28" y="0">
<properties>
<property type="class" value="android.widget.FrameLayout"/>
<property type="enabled" value="true"/>
<property type="checkable" value="false"/>
<property type="focusable" value="false"/>
<property type="index" value="0"/>
<property type="bounds" value="[28,0][358,72]"/>
<property type="hidden" value="false"/>
<property type="clickable" value="false"/>
<property type="long-clickable" value="false"/>
<property type="longClickable" value="false"/>
<property type="password" value="false"/>
<property type="scrollable" value="false"/>
<property type="selected" value="false"/>
<property type="top" value="false"/>
<property type="knownSuperClass" value="android.widget.FrameLayout"/>
<property type="onScreen" value="true"/>
<property type="x" value="28"/>
<property type="y" value="0"/>
<property type="width" value="330"/>
<property type="height" value="72"/>
<property type="package" value="com.android.systemui"/>
</properties>
<children>
<node h="72" ignored="false" w="19" web="false" x="28" y="0">
<properties>
<property type="id" value="keyguard_carrier_container"/>
<property type="resource-id" value="com.android.systemui:id/keyguard_carrier_container"/>
<property type="class" value="android.widget.LinearLayout"/>
<property type="enabled" value="true"/>
<property type="checkable" value="false"/>
<property type="focusable" value="false"/>
<property type="index" value="0"/>
<property type="bounds" value="[28,0][47,72]"/>
<property type="hidden" value="false"/>
<property type="clickable" value="false"/>
<property type="long-clickable" value="false"/>
<property type="longClickable" value="false"/>
<property type="password" value="false"/>
<property type="scrollable" value="false"/>
<property type="selected" value="false"/>
<property type="top" value="false"/>
<property type="knownSuperClass" value="android.widget.LinearLayout"/>
<property type="onScreen" value="true"/>
<property type="x" value="28"/>
<property type="y" value="0"/>
<property type="width" value="19"/>
<property type="height" value="72"/>
<property type="package" value="com.android.systemui"/>
</properties>
<children>
<node h="72" ignored="false" w="19" web="false" x="28" y="0">
<properties>
<property type="id" value="keyguard_carrier_text"/>
<property type="resource-id" value="com.android.systemui:id/keyguard_carrier_text"/>
<property type="class" value="android.widget.TextView"/>
<property type="text" value="XL"/>
<property type="enabled" value="true"/>
<property type="checkable" value="false"/>
<property type="focusable" value="false"/>
<property type="index" value="0"/>
<property type="bounds" value="[28,0][47,72]"/>
<property type="hidden" value="false"/>
<property type="clickable" value="false"/>
<property type="long-clickable" value="false"/>
<property type="longClickable" value="false"/>
<property type="password" value="false"/>
<property type="scrollable" value="false"/>
<property type="selected" value="false"/>
<property type="top" value="true"/>
<property type="knownSuperClass" value="android.widget.TextView"/>
<property type="onScreen" value="true"/>
<property type="x" value="28"/>
<property type="y" value="0"/>
<property type="width" value="19"/>
<property type="height" value="72"/>
<property type="package" value="com.android.systemui"/>
</properties>
<children/>
</node>
</children>
</node>
</children>
</node>
</children>
</node>
<node h="72" ignored="false" w="398" web="false" x="654" y="0">
<properties>
<property type="id" value="system_icons_super_container"/>
<property type="resource-id" value="com.android.systemui:id/system_icons_super_container"/>
<property type="class" value="android.widget.LinearLayout"/>
<property type="enabled" value="true"/>
<property type="checkable" value="false"/>
<property type="focusable" value="false"/>
<property type="index" value="2"/>
<property type="bounds" value="[654,0][1052,72]"/>
<property type="hidden" value="false"/>
<property type="clickable" value="false"/>
<property type="long-clickable" value="false"/>
<property type="longClickable" value="false"/>
<property type="password" value="false"/>
<property type="scrollable" value="false"/>
<property type="selected" value="false"/>
<property type="top" value="false"/>
<property type="knownSuperClass" value="android.widget.LinearLayout"/>
<property type="onScreen" value="true"/>
<property type="x" value="654"/>
<property type="y" value="0"/>
<property type="width" value="398"/>
<property type="height" value="72"/>
<property type="package" value="com.android.systemui"/>
</properties>
<children>
<node h="72" ignored="false" w="389" web="false" x="663" y="0">
<properties>
<property type="id" value="system_icons_container"/>
<property type="resource-id" value="com.android.systemui:id/system_icons_container"/>
<property type="class" value="android.widget.FrameLayout"/>
<property type="enabled" value="true"/>
<property type="checkable" value="false"/>
<property type="focusable" value="false"/>
<property type="index" value="0"/>
<property type="bounds" value="[663,0][1052,72]"/>
<property type="hidden" value="false"/>
<property type="clickable" value="false"/>
<property type="long-clickable" value="false"/>
<property type="longClickable" value="false"/>
<property type="password" value="false"/>
<property type="scrollable" value="false"/>
<property type="selected" value="false"/>
<property type="top" value="false"/>
<property type="knownSuperClass" value="android.widget.FrameLayout"/>
<property type="onScreen" value="true"/>
<property type="x" value="663"/>
<property type="y" value="0"/>
<property type="width" value="389"/>
<property type="height" value="72"/>
<property type="package" value="com.android.systemui"/>
</properties>
<children>
<node h="60" ignored="false" w="389" web="false" x="663" y="6">
<properties>
<property type="id" value="system_icons"/>
<property type="resource-id" value="com.android.systemui:id/system_icons"/>
<property type="class" value="android.widget.LinearLayout"/>
<property type="enabled" value="true"/>
<property type="checkable" value="false"/>
<property type="focusable" value="true"/>
<property type="focused" value="false"/>
<property type="index" value="0"/>
<property type="bounds" value="[663,6][1052,66]"/>
<property type="hidden" value="false"/>
<property type="clickable" value="false"/>
<property type="long-clickable" value="false"/>
<property type="longClickable" value="false"/>
<property type="password" value="false"/>
<property type="scrollable" value="false"/>
<property type="selected" value="false"/>
<property type="top" value="false"/>
<property type="knownSuperClass" value="android.widget.LinearLayout"/>
<property type="onScreen" value="true"/>
<property type="x" value="663"/>
<property type="y" value="6"/>
<property type="width" value="389"/>
<property type="height" value="60"/>
<property type="package" value="com.android.systemui"/>
</properties>
<children>
<node h="60" ignored="false" w="124" web="false" x="663" y="6">
<properties>
<property type="id" value="network_speed_view"/>
<property type="resource-id" value="com.android.systemui:id/network_speed_view"/>
<property type="class" value="android.widget.TextView"/>
<property type="text" value="0,1KB/d"/>
<property type="enabled" value="true"/>
<property type="checkable" value="false"/>
<property type="focusable" value="false"/>
<property type="index" value="0"/>
<property type="bounds" value="[663,6][787,66]"/>
<property type="hidden" value="false"/>
<property type="clickable" value="false"/>
<property type="long-clickable" value="false"/>
<property type="longClickable" value="false"/>
<property type="password" value="false"/>
<property type="scrollable" value="false"/>
<property type="selected" value="false"/>
<property type="top" value="true"/>
<property type="knownSuperClass" value="android.widget.TextView"/>
<property type="onScreen" value="true"/>
<property type="x" value="663"/>
<property type="y" value="6"/>
<property type="width" value="124"/>
<property type="height" value="60"/>
<property type="package" value="com.android.systemui"/>
</properties>
<children/>
</node>
<node h="60" ignored="false" w="95" web="false" x="787" y="6">
<properties>
<property type="id" value="statusIcons"/>
<property type="resource-id" value="com.android.systemui:id/statusIcons"/>
<property type="class" value="android.widget.LinearLayout"/>
<property type="enabled" value="true"/>
<property type="checkable" value="false"/>
<property type="focusable" value="false"/>
<property type="index" value="1"/>
<property type="bounds" value="[787,6][882,66]"/>
<property type="hidden" value="false"/>
<property type="clickable" value="false"/>
<property type="long-clickable" value="false"/>
<property type="longClickable" value="false"/>
<property type="password" value="false"/>
<property type="scrollable" value="false"/>
<property type="selected" value="false"/>
<property type="top" value="false"/>
<property type="knownSuperClass" value="android.widget.LinearLayout"/>
<property type="onScreen" value="true"/>
<property type="x" value="787"/>
<property type="y" value="6"/>
<property type="width" value="95"/>
<property type="height" value="60"/>
<property type="package" value="com.android.systemui"/>
</properties>
<children>
<node h="60" ignored="false" w="47" web="false" x="787" y="6">
<properties>
<property type="class" value="android.widget.ImageView"/>
<property type="contentDescription" value="Getar dering telepon."/>
<property type="content-desc" value="Getar dering telepon."/>
<property type="enabled" value="true"/>
<property type="checkable" value="false"/>
<property type="focusable" value="false"/>
<property type="index" value="0"/>
<property type="bounds" value="[787,6][834,66]"/>
<property type="hidden" value="false"/>
<property type="clickable" value="false"/>
<property type="long-clickable" value="false"/>
<property type="longClickable" value="false"/>
<property type="password" value="false"/>
<property type="scrollable" value="false"/>
<property type="selected" value="false"/>
<property type="top" value="true"/>
<property type="knownSuperClass" value="android.widget.ImageView"/>
<property type="onScreen" value="true"/>
<property type="x" value="787"/>
<property type="y" value="6"/>
<property type="width" value="47"/>
<property type="height" value="60"/>
<property type="package" value="com.android.systemui"/>
</properties>
<children/>
</node>
<node h="60" ignored="false" w="48" web="false" x="834" y="6">
<properties>
<property type="class" value="android.widget.ImageView"/>
<property type="contentDescription" value="Alarm dihidupkan."/>
<property type="content-desc" value="Alarm dihidupkan."/>
<property type="enabled" value="true"/>
<property type="checkable" value="false"/>
<property type="focusable" value="false"/>
<property type="index" value="1"/>
<property type="bounds" value="[834,6][882,66]"/>
<property type="hidden" value="false"/>
<property type="clickable" value="false"/>
<property type="long-clickable" value="false"/>
<property type="longClickable" value="false"/>
<property type="password" value="false"/>
<property type="scrollable" value="false"/>
<property type="selected" value="false"/>
<property type="top" value="true"/>
<property type="knownSuperClass" value="android.widget.ImageView"/>
<property type="onScreen" value="true"/>
<property type="x" value="834"/>
<property type="y" value="6"/>
<property type="width" value="48"/>
<property type="height" value="60"/>
<property type="package" value="com.android.systemui"/>
</properties>
<children/>
</node>
</children>
</node>
<node h="53" ignored="false" w="108" web="false" x="882" y="9">
<properties>
<property type="id" value="signal_cluster_view"/>
<property type="resource-id" value="com.android.systemui:id/signal_cluster_view"/>
<property type="class" value="android.widget.LinearLayout"/>
<property type="enabled" value="true"/>
<property type="checkable" value="false"/>
<property type="focusable" value="false"/>
<property type="index" value="2"/>
<property type="bounds" value="[882,9][990,62]"/>
<property type="hidden" value="false"/>
<property type="clickable" value="false"/>
<property type="long-clickable" value="false"/>
<property type="longClickable" value="false"/>
<property type="password" value="false"/>
<property type="scrollable" value="false"/>
<property type="selected" value="false"/>
<property type="top" value="false"/>
<property type="knownSuperClass" value="android.widget.LinearLayout"/>
<property type="onScreen" value="true"/>
<property type="x" value="882"/>
<property type="y" value="9"/>
<property type="width" value="108"/>
<property type="height" value="53"/>
<property type="package" value="com.android.systemui"/>
</properties>
<children>
<node h="53" ignored="false" w="108" web="false" x="882" y="9">
<properties>
<property type="id" value="signal_cluster"/>
<property type="resource-id" value="com.android.systemui:id/signal_cluster"/>
<property type="class" value="android.widget.LinearLayout"/>
<property type="enabled" value="true"/>
<property type="checkable" value="false"/>
<property type="focusable" value="true"/>
<property type="focused" value="false"/>
<property type="index" value="0"/>
<property type="bounds" value="[882,9][990,62]"/>
<property type="hidden" value="false"/>
<property type="clickable" value="false"/>
<property type="long-clickable" value="false"/>
<property type="longClickable" value="false"/>
<property type="password" value="false"/>
<property type="scrollable" value="false"/>
<property type="selected" value="false"/>
<property type="top" value="false"/>
<property type="knownSuperClass" value="android.widget.LinearLayout"/>
<property type="onScreen" value="true"/>
<property type="x" value="882"/>
<property type="y" value="9"/>
<property type="width" value="108"/>
<property type="height" value="53"/>
<property type="package" value="com.android.systemui"/>
</properties>
<children>
<node h="53" ignored="false" w="53" web="false" x="882" y="9">
<properties>
<property type="id" value="mobile_signal_group_0"/>
<property type="resource-id" value="com.android.systemui:id/mobile_signal_group_0"/>
<property type="class" value="android.widget.LinearLayout"/>
<property type="enabled" value="true"/>
<property type="checkable" value="false"/>
<property type="focusable" value="true"/>
<property type="focused" value="false"/>
<property type="index" value="0"/>
<property type="bounds" value="[882,9][935,62]"/>
<property type="hidden" value="false"/>
<property type="clickable" value="false"/>
<property type="long-clickable" value="false"/>
<property type="longClickable" value="false"/>
<property type="password" value="false"/>
<property type="scrollable" value="false"/>
<property type="selected" value="false"/>
<property type="top" value="false"/>
<property type="knownSuperClass" value="android.widget.LinearLayout"/>
<property type="onScreen" value="true"/>
<property type="x" value="882"/>
<property type="y" value="9"/>
<property type="width" value="53"/>
<property type="height" value="53"/>
<property type="package" value="com.android.systemui"/>
</properties>
<children>
<node h="53" ignored="false" w="53" web="false" x="882" y="9">
<properties>
<property type="id" value="mobile_combo"/>
<property type="resource-id" value="com.android.systemui:id/mobile_combo"/>
<property type="class" value="android.widget.LinearLayout"/>
<property type="contentDescription" value="3.5G Sinyal telepon penuh."/>
<property type="content-desc" value="3.5G Sinyal telepon penuh."/>
<property type="enabled" value="true"/>
<property type="checkable" value="false"/>
<property type="focusable" value="false"/>
<property type="index" value="0"/>
<property type="bounds" value="[882,9][935,62]"/>
<property type="hidden" value="false"/>
<property type="clickable" value="false"/>
<property type="long-clickable" value="false"/>
<property type="longClickable" value="false"/>
<property type="password" value="false"/>
<property type="scrollable" value="false"/>
<property type="selected" value="false"/>
<property type="top" value="false"/>
<property type="knownSuperClass" value="android.widget.LinearLayout"/>
<property type="onScreen" value="true"/>
<property type="x" value="882"/>
<property type="y" value="9"/>
<property type="width" value="53"/>
<property type="height" value="53"/>
<property type="package" value="com.android.systemui"/>
</properties>
<children>
<node h="53" ignored="false" w="53" web="false" x="882" y="9">
<properties>
<property type="class" value="android.widget.FrameLayout"/>
<property type="enabled" value="true"/>
<property type="checkable" value="false"/>
<property type="focusable" value="false"/>
<property type="index" value="0"/>
<property type="bounds" value="[882,9][935,62]"/>
<property type="hidden" value="false"/>
<property type="clickable" value="false"/>
<property type="long-clickable" value="false"/>
<property type="longClickable" value="false"/>
<property type="password" value="false"/>
<property type="scrollable" value="false"/>
<property type="selected" value="false"/>
<property type="top" value="false"/>
<property type="knownSuperClass" value="android.widget.FrameLayout"/>
<property type="onScreen" value="true"/>
<property type="x" value="882"/>
<property type="y" value="9"/>
<property type="width" value="53"/>
<property type="height" value="53"/>
<property type="package" value="com.android.systemui"/>
</properties>
<children>
<node h="53" ignored="false" w="53" web="false" x="882" y="9">
<properties>
<property type="id" value="mobile_signal"/>
<property type="resource-id" value="com.android.systemui:id/mobile_signal"/>
<property type="class" value="android.widget.ImageView"/>
<property type="enabled" value="true"/>
<property type="checkable" value="false"/>
<property type="focusable" value="false"/>
<property type="index" value="0"/>
<property type="bounds" value="[882,9][935,62]"/>
<property type="hidden" value="false"/>
<property type="clickable" value="false"/>
<property type="long-clickable" value="false"/>
<property type="longClickable" value="false"/>
<property type="password" value="false"/>
<property type="scrollable" value="false"/>
<property type="selected" value="false"/>
<property type="top" value="true"/>
<property type="knownSuperClass" value="android.widget.ImageView"/>
<property type="onScreen" value="true"/>
<property type="x" value="882"/>
<property type="y" value="9"/>
<property type="width" value="53"/>
<property type="height" value="53"/>
<property type="package" value="com.android.systemui"/>
</properties>
<children/>
</node>
</children>
</node>
</children>
</node>
</children>
</node>
<node h="53" ignored="false" w="55" web="false" x="935" y="9">
<properties>
<property type="id" value="wifi_combo"/>
<property type="resource-id" value="com.android.systemui:id/wifi_combo"/>
<property type="class" value="android.widget.FrameLayout"/>
<property type="contentDescription" value="Sinyal Wi-Fi dua bar."/>
<property type="content-desc" value="Sinyal Wi-Fi dua bar."/>
<property type="enabled" value="true"/>
<property type="checkable" value="false"/>
<property type="focusable" value="true"/>
<property type="focused" value="false"/>
<property type="index" value="1"/>
<property type="bounds" value="[935,9][990,62]"/>
<property type="hidden" value="false"/>
<property type="clickable" value="false"/>
<property type="long-clickable" value="false"/>
<property type="longClickable" value="false"/>
<property type="password" value="false"/>
<property type="scrollable" value="false"/>
<property type="selected" value="false"/>
<property type="top" value="false"/>
<property type="knownSuperClass" value="android.widget.FrameLayout"/>
<property type="onScreen" value="true"/>
<property type="x" value="935"/>
<property type="y" value="9"/>
<property type="width" value="55"/>
<property type="height" value="53"/>
<property type="package" value="com.android.systemui"/>
</properties>
<children>
<node h="53" ignored="false" w="55" web="false" x="935" y="9">
<properties>
<property type="id" value="wifi_signal"/>
<property type="resource-id" value="com.android.systemui:id/wifi_signal"/>
<property type="class" value="android.widget.ImageView"/>
<property type="enabled" value="true"/>
<property type="checkable" value="false"/>
<property type="focusable" value="false"/>
<property type="index" value="0"/>
<property type="bounds" value="[935,9][990,62]"/>
<property type="hidden" value="false"/>
<property type="clickable" value="false"/>
<property type="long-clickable" value="false"/>
<property type="longClickable" value="false"/>
<property type="password" value="false"/>
<property type="scrollable" value="false"/>
<property type="selected" value="false"/>
<property type="top" value="true"/>
<property type="knownSuperClass" value="android.widget.ImageView"/>
<property type="onScreen" value="true"/>
<property type="x" value="935"/>
<property type="y" value="9"/>
<property type="width" value="55"/>
<property type="height" value="53"/>
<property type="package" value="com.android.systemui"/>
</properties>
<children/>
</node>
</children>
</node>
</children>
</node>
</children>
</node>
<node h="60" ignored="false" w="62" web="false" x="990" y="6">
<properties>
<property type="id" value="battery"/>
<property type="resource-id" value="com.android.systemui:id/battery"/>
<property type="class" value="android.widget.LinearLayout"/>
<property type="enabled" value="true"/>
<property type="checkable" value="false"/>
<property type="focusable" value="true"/>
<property type="focused" value="false"/>
<property type="index" value="3"/>
<property type="bounds" value="[990,6][1052,66]"/>
<property type="hidden" value="false"/>
<property type="clickable" value="false"/>
<property type="long-clickable" value="false"/>
<property type="longClickable" value="false"/>
<property type="password" value="false"/>
<property type="scrollable" value="false"/>
<property type="selected" value="false"/>
<property type="top" value="false"/>
<property type="knownSuperClass" value="android.widget.LinearLayout"/>
<property type="onScreen" value="true"/>
<property type="x" value="990"/>
<property type="y" value="6"/>
<property type="width" value="62"/>
<property type="height" value="60"/>
<property type="package" value="com.android.systemui"/>
</properties>
<children>
<node h="60" ignored="false" w="62" web="false" x="990" y="6">
<properties>
<property type="class" value="android.widget.FrameLayout"/>
<property type="enabled" value="true"/>
<property type="checkable" value="false"/>
<property type="focusable" value="false"/>
<property type="index" value="0"/>
<property type="bounds" value="[990,6][1052,66]"/>
<property type="hidden" value="false"/>
<property type="clickable" value="false"/>
<property type="long-clickable" value="false"/>
<property type="longClickable" value="false"/>
<property type="password" value="false"/>
<property type="scrollable" value="false"/>
<property type="selected" value="false"/>
<property type="top" value="false"/>
<property type="knownSuperClass" value="android.widget.FrameLayout"/>
<property type="onScreen" value="true"/>
<property type="x" value="990"/>
<property type="y" value="6"/>
<property type="width" value="62"/>
<property type="height" value="60"/>
<property type="package" value="com.android.systemui"/>
</properties>
<children>
<node h="60" ignored="false" w="62" web="false" x="990" y="6">
<properties>
<property type="id" value="battery_image"/>
<property type="resource-id" value="com.android.systemui:id/battery_image"/>
<property type="class" value="android.widget.ImageView"/>
<property type="contentDescription" value="Mengisi baterai, 65 persen."/>
<property type="content-desc" value="Mengisi baterai, 65 persen."/>
<property type="enabled" value="true"/>
<property type="checkable" value="false"/>
<property type="focusable" value="false"/>
<property type="index" value="0"/>
<property type="bounds" value="[990,6][1052,66]"/>
<property type="hidden" value="false"/>
<property type="clickable" value="false"/>
<property type="long-clickable" value="false"/>
<property type="longClickable" value="false"/>
<property type="password" value="false"/>
<property type="scrollable" value="false"/>
<property type="selected" value="false"/>
<property type="top" value="true"/>
<property type="knownSuperClass" value="android.widget.ImageView"/>
<property type="onScreen" value="true"/>
<property type="x" value="990"/>
<property type="y" value="6"/>
<property type="width" value="62"/>
<property type="height" value="60"/>
<property type="package" value="com.android.systemui"/>
</properties>
<children/>
</node>
<node h="60" ignored="false" w="28" web="false" x="1016" y="6">
<properties>
<property type="id" value="battery_digit"/>
<property type="resource-id" value="com.android.systemui:id/battery_digit"/>
<property type="class" value="android.widget.TextView"/>
<property type="text" value="65"/>
<property type="enabled" value="true"/>
<property type="checkable" value="false"/>
<property type="focusable" value="false"/>
<property type="index" value="1"/>
<property type="bounds" value="[1016,6][1044,66]"/>
<property type="hidden" value="false"/>
<property type="clickable" value="false"/>
<property type="long-clickable" value="false"/>
<property type="longClickable" value="false"/>
<property type="password" value="false"/>
<property type="scrollable" value="false"/>
<property type="selected" value="false"/>
<property type="top" value="true"/>
<property type="knownSuperClass" value="android.widget.TextView"/>
<property type="onScreen" value="true"/>
<property type="x" value="1016"/>
<property type="y" value="6"/>
<property type="width" value="28"/>
<property type="height" value="60"/>
<property type="package" value="com.android.systemui"/>
</properties>
<children/>
</node>
</children>
</node>
</children>
</node>
</children>
</node>
</children>
</node>
</children>
</node>
</children>
</node>
<node h="1920" ignored="false" w="1024" web="false" x="28" y="0">
<properties>
<property type="id" value="qs_frame"/>
<property type="resource-id" value="com.android.systemui:id/qs_frame"/>
<property type="class" value="android.widget.FrameLayout"/>
<property type="enabled" value="true"/>
<property type="checkable" value="false"/>
<property type="focusable" value="true"/>
<property type="focused" value="false"/>
<property type="index" value="1"/>
<property type="bounds" value="[28,0][1052,1920]"/>
<property type="hidden" value="false"/>
<property type="clickable" value="false"/>
<property type="long-clickable" value="false"/>
<property type="longClickable" value="false"/>
<property type="password" value="false"/>
<property type="scrollable" value="false"/>
<property type="selected" value="false"/>
<property type="top" value="false"/>
<property type="knownSuperClass" value="android.widget.FrameLayout"/>
<property type="onScreen" value="true"/>
<property type="x" value="28"/>
<property type="y" value="0"/>
<property type="width" value="1024"/>
<property type="height" value="1920"/>
<property type="package" value="com.android.systemui"/>
</properties>
<children/>
</node>
<node h="1920" ignored="false" w="1024" web="false" x="28" y="0">
<properties>
<property type="id" value="notification_stack_scroller"/>
<property type="resource-id" value="com.android.systemui:id/notification_stack_scroller"/>
<property type="class" value="android.widget.ScrollView"/>
<property type="enabled" value="true"/>
<property type="checkable" value="false"/>
<property type="focusable" value="false"/>
<property type="index" value="2"/>
<property type="bounds" value="[28,0][1052,1920]"/>
<property type="hidden" value="false"/>
<property type="clickable" value="false"/>
<property type="long-clickable" value="false"/>
<property type="longClickable" value="false"/>
<property type="password" value="false"/>
<property type="scrollable" value="false"/>
<property type="selected" value="false"/>
<property type="top" value="true"/>
<property type="knownSuperClass" value="android.widget.ScrollView"/>
<property type="onScreen" value="true"/>
<property type="x" value="28"/>
<property type="y" value="0"/>
<property type="width" value="1024"/>
<property type="height" value="1920"/>
<property type="package" value="com.android.systemui"/>
</properties>
<children/>
</node>
</children>
</node>
</children>
</node>
<node h="1920" ignored="false" w="1080" web="false" x="0" y="0">
<properties>
<property type="id" value="scrim_in_front"/>
<property type="resource-id" value="com.android.systemui:id/scrim_in_front"/>
<property type="class" value="android.view.View"/>
<property type="enabled" value="true"/>
<property type="checkable" value="false"/>
<property type="focusable" value="false"/>
<property type="index" value="2"/>
<property type="bounds" value="[0,0][1080,1920]"/>
<property type="hidden" value="false"/>
<property type="clickable" value="false"/>
<property type="long-clickable" value="false"/>
<property type="longClickable" value="false"/>
<property type="password" value="false"/>
<property type="scrollable" value="false"/>
<property type="selected" value="false"/>
<property type="top" value="true"/>
<property type="knownSuperClass" value="android.view.View"/>
<property type="onScreen" value="true"/>
<property type="x" value="0"/>
<property type="y" value="0"/>
<property type="width" value="1080"/>
<property type="height" value="1920"/>
<property type="package" value="com.android.systemui"/>
</properties>
<children/>
</node>
<node h="72" ignored="false" w="1080" web="false" x="0" y="0">
<properties>
<property type="id" value="status_bar_container"/>
<property type="resource-id" value="com.android.systemui:id/status_bar_container"/>
<property type="class" value="android.widget.FrameLayout"/>
<property type="enabled" value="true"/>
<property type="checkable" value="false"/>
<property type="focusable" value="false"/>
<property type="index" value="4"/>
<property type="bounds" value="[0,0][1080,72]"/>
<property type="hidden" value="false"/>
<property type="clickable" value="false"/>
<property type="long-clickable" value="false"/>
<property type="longClickable" value="false"/>
<property type="password" value="false"/>
<property type="scrollable" value="false"/>
<property type="selected" value="false"/>
<property type="top" value="true"/>
<property type="knownSuperClass" value="android.widget.FrameLayout"/>
<property type="onScreen" value="true"/>
<property type="x" value="0"/>
<property type="y" value="0"/>
<property type="width" value="1080"/>
<property type="height" value="72"/>
<property type="package" value="com.android.systemui"/>
</properties>
<children/>
</node>
</children>
</nodes>
